<?xml version="1.0" encoding="UTF-8"?>
<!--
 This is a WordPress eXtended RSS file generated by WordPress as an export of your site.
 It contains information about your site's posts, pages, comments, categories, and other content.
 You may use this file to transfer that content from one site to another.
 This file is not intended to serve as a complete backup of your site.

 To import this information into a WordPress site follow these steps:
 1. Log in to that site as an administrator.
 2. Go to Tools: Import in the WordPress admin panel.
 3. Install the "WordPress" importer from the list.
 4. Activate & Run Importer.
 5. Upload this file using the form provided on that page.
 6. You will first be asked to map the authors in this export file to users
    on the site. For each author, you may choose to map to an
    existing user on the site or to create a new user.
 7. WordPress will then import each of the posts, pages, comments, categories, etc.
    contained in this file into your site.
-->
<!-- generator="WordPress.com" created="2023-01-24 05:18"-->
<rss version="2.0" xmlns:excerpt="http://wordpress.org/export/1.2/excerpt/" xmlns:content="http://purl.org/rss/1.0/modules/content/" xmlns:wfw="http://wellformedweb.org/CommentAPI/" xmlns:dc="http://purl.org/dc/elements/1.1/" xmlns:wp="http://wordpress.org/export/1.2/">
  <channel>
<title>Entrepreneur Lab</title>
<link>https://nedal871.wordpress.com</link>
<description>Nedal Marei -PhD Candidate, MSc, BSc-in Engineering</description>
<pubDate>Tue, 24 Jan 2023 05:18:57 +0000</pubDate>
<language>en</language>
<wp:wxr_version>1.2</wp:wxr_version>
<wp:base_site_url>http://wordpress.com/</wp:base_site_url>
<wp:base_blog_url>https://nedal871.wordpress.com</wp:base_blog_url>
<wp:author>
  <wp:author_id>128882315</wp:author_id>
  <wp:author_login>nedalmarei</wp:author_login>
  <wp:author_email>nedalmarei@gmail.com</wp:author_email>
  <wp:author_display_name><![CDATA[nedal marei]]></wp:author_display_name>
  <wp:author_first_name><![CDATA[nedal]]></wp:author_first_name>
  <wp:author_last_name><![CDATA[marei]]></wp:author_last_name>
</wp:author>
<wp:term>
  <wp:term_id>1357</wp:term_id>
  <wp:term_taxonomy>nav_menu</wp:term_taxonomy>
  <wp:term_slug>primary</wp:term_slug>
  <wp:term_name><![CDATA[Primary]]></wp:term_name>
</wp:term>
<wp:term>
  <wp:term_id>1358</wp:term_id>
  <wp:term_taxonomy>nav_menu</wp:term_taxonomy>
  <wp:term_slug>social-media</wp:term_slug>
  <wp:term_name><![CDATA[Social Media]]></wp:term_name>
</wp:term>
<generator>http://wordpress.com/</generator>
<image>
		<url>http://s0.wp.com/i/buttonw-com.png</url>
		<title>Entrepreneur Lab</title>
		<link>https://nedal871.wordpress.com</link>
	</image>
	<item>
  <title><![CDATA[Link in Bio]]></title>
  <link>https://nedal871.wordpress.com/link-in-bio/</link>
  <pubDate>Tue, 24 Jan 2023 05:18:06 +0000</pubDate>
  <dc:creator>nedalmarei</dc:creator>
  <guid isPermaLink="false">https://nedal871.wordpress.com/?page_id=35</guid>
  <description/>
  <content:encoded><![CDATA[<!-- wp:cover {"overlayColor":"white","minHeight":100,"minHeightUnit":"vh","isDark":false,"align":"full"} -->
<div class="wp-block-cover alignfull is-light" style="min-height:100vh"><span aria-hidden="true" class="wp-block-cover__background has-white-background-color has-background-dim-100 has-background-dim"></span><div class="wp-block-cover__inner-container"><!-- wp:group {"style":{"elements":{"link":{"color":{"text":"var:preset|color|black"}}}},"textColor":"black","layout":{"type":"constrained"}} -->
<div class="wp-block-group has-black-color has-text-color has-link-color"><!-- wp:site-logo {"align":"center"} /-->

<!-- wp:site-title {"textAlign":"center","isLink":false,"style":{"typography":{"fontSize":"3rem","textTransform":"capitalize","letterSpacing":"0px","textDecoration":"none"}}} /-->

<!-- wp:paragraph {"align":"center","style":{"typography":{"fontSize":"18px","lineHeight":"1.65"},"spacing":{"margin":{"top":"10px"}}}} -->
<p class="has-text-align-center" style="margin-top:10px;font-size:18px;line-height:1.65">My latest and greatest tips, resources, and reads.<br>So much goodness all in one place!</p>
<!-- /wp:paragraph -->

<!-- wp:buttons {"layout":{"type":"flex","justifyContent":"center","orientation":"horizontal"}} -->
<div class="wp-block-buttons"><!-- wp:button {"backgroundColor":"black","textColor":"white","width":100,"className":"is-style-fill"} -->
<div class="wp-block-button has-custom-width wp-block-button__width-100 is-style-fill"><a class="wp-block-button__link has-white-color has-black-background-color has-text-color has-background wp-element-button">Must read: The Place That Made Me</a></div>
<!-- /wp:button -->

<!-- wp:button {"backgroundColor":"black","textColor":"white","width":100,"className":"is-style-fill"} -->
<div class="wp-block-button has-custom-width wp-block-button__width-100 is-style-fill"><a class="wp-block-button__link has-white-color has-black-background-color has-text-color has-background wp-element-button">Rain Journal by Richard Johnson</a></div>
<!-- /wp:button -->

<!-- wp:button {"backgroundColor":"black","textColor":"white","width":100,"className":"is-style-fill"} -->
<div class="wp-block-button has-custom-width wp-block-button__width-100 is-style-fill"><a class="wp-block-button__link has-white-color has-black-background-color has-text-color has-background wp-element-button">10th Day of Rain</a></div>
<!-- /wp:button -->

<!-- wp:button {"backgroundColor":"black","textColor":"white","width":100,"className":"is-style-fill"} -->
<div class="wp-block-button has-custom-width wp-block-button__width-100 is-style-fill"><a class="wp-block-button__link has-white-color has-black-background-color has-text-color has-background wp-element-button">Blurring the Lines Between Architecture and Nature</a></div>
<!-- /wp:button -->

<!-- wp:button {"backgroundColor":"black","textColor":"white","width":100,"className":"is-style-fill"} -->
<div class="wp-block-button has-custom-width wp-block-button__width-100 is-style-fill"><a class="wp-block-button__link has-white-color has-black-background-color has-text-color has-background wp-element-button">Instant Classic: A story of Persistence</a></div>
<!-- /wp:button --></div>
<!-- /wp:buttons --></div>
<!-- /wp:group --></div></div>
<!-- /wp:cover -->]]></content:encoded>
  <excerpt:encoded><![CDATA[]]></excerpt:encoded>
  <wp:post_id>35</wp:post_id>
  <wp:post_date>2023-01-23 23:18:06</wp:post_date>
  <wp:post_date_gmt>2023-01-24 05:18:06</wp:post_date_gmt>
  <wp:post_modified>2023-01-23 23:18:06</wp:post_modified>
  <wp:post_modified_gmt>2023-01-24 05:18:06</wp:post_modified_gmt>
  <wp:comment_status>closed</wp:comment_status>
  <wp:ping_status>closed</wp:ping_status>
  <wp:post_name>link-in-bio</wp:post_name>
  <wp:status>publish</wp:status>
  <wp:post_parent>0</wp:post_parent>
  <wp:menu_order>0</wp:menu_order>
  <wp:post_type>page</wp:post_type>
  <wp:post_password/>
  <wp:is_sticky>0</wp:is_sticky>
  <wp:postmeta>
    <wp:meta_key>_last_editor_used_jetpack</wp:meta_key>
    <wp:meta_value><![CDATA[block-editor]]></wp:meta_value>
  </wp:postmeta>
  <wp:postmeta>
    <wp:meta_key>jetpack_seo_noindex</wp:meta_key>
    <wp:meta_value><![CDATA[]]></wp:meta_value>
  </wp:postmeta>
  <wp:postmeta>
    <wp:meta_key>_coblocks_attr</wp:meta_key>
    <wp:meta_value><![CDATA[]]></wp:meta_value>
  </wp:postmeta>
  <wp:postmeta>
    <wp:meta_key>_coblocks_dimensions</wp:meta_key>
    <wp:meta_value><![CDATA[]]></wp:meta_value>
  </wp:postmeta>
  <wp:postmeta>
    <wp:meta_key>_coblocks_responsive_height</wp:meta_key>
    <wp:meta_value><![CDATA[]]></wp:meta_value>
  </wp:postmeta>
  <wp:postmeta>
    <wp:meta_key>_coblocks_accordion_ie_support</wp:meta_key>
    <wp:meta_value><![CDATA[]]></wp:meta_value>
  </wp:postmeta>
  <wp:postmeta>
    <wp:meta_key>_jetpack_post_was_ever_published</wp:meta_key>
    <wp:meta_value><![CDATA[]]></wp:meta_value>
  </wp:postmeta>
  <wp:postmeta>
    <wp:meta_key>_starter_page_template</wp:meta_key>
    <wp:meta_value><![CDATA[about-me-links]]></wp:meta_value>
  </wp:postmeta>
  <wp:postmeta>
    <wp:meta_key>_publicize_pending</wp:meta_key>
    <wp:meta_value><![CDATA[1]]></wp:meta_value>
  </wp:postmeta>
</item>
  </channel>
</rss>
